Size,Render Time,Image Write Time,Image File Size (MB),Pixles per sec,
256.0,0.0324571,0.0154521,0.027,2019.16,
512.0,0.0936293,0.0535164,0.086,2799.81,
1024.0,0.3853770,0.1907520,0.278,2720.91,
2048.0,1.5669400,0.7372550,0.911,2676.75,
4096.0,5.9458700,2.6223900,3.000,2821.66,
8192.0,23.6225000,9.5918600,9.600,2840.89,
