Processes,Simulation Time
2,3.50693
3,2.88412
4,2.72392
5,3.59394
6,3.82275
7,3.82185
8,4.95354
9,5.03342
10,5.54502
