Processes,Seconds
2,0.777249
3,0.643743
4,0.556935
5,0.668211
6,0.781215
7,0.957652
8,0.883065
9,1.25623
10,1.1307
